,exhaustgastemp,airtemp,A1,B,C,H,O,N,airratio,v0,vCO2,vexhaustgas,vCO2_pre,exhaustgasloss
0,160.0,25.0,0.37,0.009,0.5696,0.1844,0.0187,0.2273,1.0,9.881179047619048,1.0628736,11.255783912380954,0.09442910491830583,6.504682671800567
