pm_name,pm_name,mipgap,nodes,simplex,time,best_obj,best_bound,gap
Method,0,0.001,282.0,10212.0,2.7470436096191406,302.0,302.0,0.0
Method,1,0.001,141.0,7272.0,2.1763134002685547,302.0,302.0,0.0
