,ModelName,Algorithm,Parameter,Best_obj,Variable,Time,origin_obj,eq,ueq,eq_number,ueq_number
,,,,,,,,,,,
0,PyomoExample.mps,ea,non,38.10129959,[4.63634678 6.08438221],3.926960707,38.24656918,0,0.148043941,0,1
0,PyomoExample.mps,ea,non,38.10129959,[5.81951793 5.64812497],3.883338213,40.05105365,0,0,0,0
0,PyomoExample.mps,pso,non,38.10129959,[4.31861605 6.25735864],7.193377733,37.98528272,0,0.116016869,0,2
