,ModelName,Algorithm,Parameter,Best_obj,Variable,Time,origin_obj,eq,ueq,eq_number,ueq_number
,,,,,,,,,,,
0,PyomoExample.mps,ea,non,38.10129959,[4.63634678 6.08438221],3.926960707,38.24656918,0,0.148043941,0,1
0,PyomoExample.mps,ea,non,38.10129959,[5.81951793 5.64812497],3.883338213,40.05105365,0,0,0,0
0,PyomoExample.mps,pso,non,38.10129959,[4.31861605 6.25735864],7.193377733,37.98528272,0,0.116016869,0,2
0,PyomoExample.mps,woa,non,38.10133223545565,[4.31709759 6.25813199],2.592276096343994,37.983820742607804,0,0.11751149284784496,0,2
0,PyomoExample.mps,mfo,non,38.10129959021972,[4.31861604 6.25735865],4.945922374725342,37.985282715126246,0,0.11601687509347682,0,2
0,PyomoExample.mps,ea,mut=0.9,38.25895119613365,[4.19724662 6.49061247],3.897380828857422,38.55418973201094,0,0.030333701146531653,0,1
0,PyomoExample.mps,ea,mut=0.6,38.10129959021981,[5.04908741 5.95600618],4.100753545761108,38.97128694829024,0,0.0011772983527512531,0,1
